Style,Feature,Detail,Decor,Atmosphere,Special Feature,Prompt
scandinavian,sleek furniture,abstract wall art,custom murals,vibrant and artistic,hidden storage solutions,"Imagine a scandinavian bedroom characterized by sleek furniture. The room highlights abstract wall art, complemented by custom murals. With hidden storage solutions, it creates an atmosphere that feels vibrant and artistic."
futuristic,clean white walls,floor-to-ceiling bookshelves,soft pastel shades,warm and inviting,LED-lit headboards,"Imagine a futuristic bedroom characterized by clean white walls. The room highlights floor-to-ceiling bookshelves, complemented by soft pastel shades. With LED-lit headboards, it creates an atmosphere that feels warm and inviting."
futuristic,vintage furniture,a fluffy area rug,metallic accents,airy and spacious,fireplaces,"Designed in a futuristic style, this bedroom boasts vintage furniture, accompanied by a fluffy area rug and styled with metallic accents. The ambiance is airy and spacious, thanks to features like fireplaces."
luxurious,exposed wooden beams,chandeliers or pendant lighting,soft pastel shades,warm and inviting,panoramic views,"Designed in a luxurious style, this bedroom boasts exposed wooden beams, accompanied by chandeliers or pendant lighting and styled with soft pastel shades. The ambiance is warm and inviting, thanks to features like panoramic views."
cozy rustic,smart home integrations,floor-to-ceiling bookshelves,earthy tones of brown and green,cozy and welcoming,fireplaces,"Designed in a cozy rustic style, this bedroom boasts smart home integrations, accompanied by floor-to-ceiling bookshelves and styled with earthy tones of brown and green. The ambiance is cozy and welcoming, thanks to features like fireplaces."
scandinavian,clean white walls,wooden nightstand with a lamp,metallic accents,opulent and elegant,LED-lit headboards,"Step into a scandinavian haven, where clean white walls meets wooden nightstand with a lamp. Decorated with metallic accents, the design achieves a opulent and elegant atmosphere, further enhanced by LED-lit headboards."
scandinavian,plush carpets,marble side tables,metallic accents,cozy and welcoming,interactive smart screens,"Step into a scandinavian haven, where plush carpets meets marble side tables. Decorated with metallic accents, the design achieves a cozy and welcoming atmosphere, further enhanced by interactive smart screens."
industrial,sleek furniture,potted plants,metallic accents,ultra-modern,panoramic views,"Step into a industrial haven, where sleek furniture meets potted plants. Decorated with metallic accents, the design achieves a ultra-modern atmosphere, further enhanced by panoramic views."
luxurious,exposed wooden beams,wooden nightstand with a lamp,woven baskets,vibrant and artistic,LED-lit headboards,"Imagine a luxurious bedroom characterized by exposed wooden beams. The room highlights wooden nightstand with a lamp, complemented by woven baskets. With LED-lit headboards, it creates an atmosphere that feels vibrant and artistic."
tropical,large windows,wooden nightstand with a lamp,neutral tones of beige and white,cozy and welcoming,automated blinds,"In this tropical bedroom, large windows sets the stage, while wooden nightstand with a lamp adds charm and neutral tones of beige and white enhances its aesthetic. The space is designed to feel cozy and welcoming, with automated blinds as a key element."
futuristic,exposed wooden beams,platform bed with soft bedding,custom murals,cozy and welcoming,LED-lit headboards,"Designed in a futuristic style, this bedroom boasts exposed wooden beams, accompanied by platform bed with soft bedding and styled with custom murals. The ambiance is cozy and welcoming, thanks to features like LED-lit headboards."
cozy rustic,plush carpets,floor-to-ceiling bookshelves,woven baskets,cozy and welcoming,panoramic views,"Imagine a cozy rustic bedroom characterized by plush carpets. The room highlights floor-to-ceiling bookshelves, complemented by woven baskets. With panoramic views, it creates an atmosphere that feels cozy and welcoming."
tropical,large windows,abstract wall art,woven baskets,ultra-modern,hidden storage solutions,"Imagine a tropical bedroom characterized by large windows. The room highlights abstract wall art, complemented by woven baskets. With hidden storage solutions, it creates an atmosphere that feels ultra-modern."
cozy rustic,warm ambient lighting,floor-to-ceiling bookshelves,geometric patterns,airy and spacious,canopy beds,"Imagine a cozy rustic bedroom characterized by warm ambient lighting. The room highlights floor-to-ceiling bookshelves, complemented by geometric patterns. With canopy beds, it creates an atmosphere that feels airy and spacious."
traditional,exposed wooden beams,a fluffy area rug,fresh flower arrangements,warm and inviting,floating furniture,"In this traditional bedroom, exposed wooden beams sets the stage, while a fluffy area rug adds charm and fresh flower arrangements enhances its aesthetic. The space is designed to feel warm and inviting, with floating furniture as a key element."
cozy rustic,sleek furniture,marble side tables,bold pops of color,calm and relaxing,integrated workspace,"A perfect cozy rustic retreat featuring sleek furniture, with attention to detail like marble side tables. Styled with bold pops of color, the room offers a calm and relaxing vibe and includes special touches like integrated workspace."
tropical,sleek furniture,a fluffy area rug,woven baskets,airy and spacious,canopy beds,"Imagine a tropical bedroom characterized by sleek furniture. The room highlights a fluffy area rug, complemented by woven baskets. With canopy beds, it creates an atmosphere that feels airy and spacious."
luxurious,clean white walls,floor-to-ceiling bookshelves,woven baskets,industrial yet comfortable,automated blinds,"In this luxurious bedroom, clean white walls sets the stage, while floor-to-ceiling bookshelves adds charm and woven baskets enhances its aesthetic. The space is designed to feel industrial yet comfortable, with automated blinds as a key element."
luxurious,smart home integrations,sheer curtains,woven baskets,airy and spacious,interactive smart screens,"Imagine a luxurious bedroom characterized by smart home integrations. The room highlights sheer curtains, complemented by woven baskets. With interactive smart screens, it creates an atmosphere that feels airy and spacious."
modern minimalist,smart home integrations,marble side tables,bold pops of color,vibrant and artistic,canopy beds,"Designed in a modern minimalist style, this bedroom boasts smart home integrations, accompanied by marble side tables and styled with bold pops of color. The ambiance is vibrant and artistic, thanks to features like canopy beds."
futuristic,clean white walls,king-sized upholstered bed,custom murals,cozy and welcoming,canopy beds,"Imagine a futuristic bedroom characterized by clean white walls. The room highlights king-sized upholstered bed, complemented by custom murals. With canopy beds, it creates an atmosphere that feels cozy and welcoming."
scandinavian,exposed wooden beams,a fluffy area rug,custom murals,warm and inviting,integrated workspace,"A perfect scandinavian retreat featuring exposed wooden beams, with attention to detail like a fluffy area rug. Styled with custom murals, the room offers a warm and inviting vibe and includes special touches like integrated workspace."
luxurious,floating bed with LED lighting,potted plants,custom murals,vibrant and artistic,fireplaces,"Designed in a luxurious style, this bedroom boasts floating bed with LED lighting, accompanied by potted plants and styled with custom murals. The ambiance is vibrant and artistic, thanks to features like fireplaces."
boho chic,plush carpets,king-sized upholstered bed,neutral tones of beige and white,tropical and refreshing,large mirrors,"Imagine a boho chic bedroom characterized by plush carpets. The room highlights king-sized upholstered bed, complemented by neutral tones of beige and white. With large mirrors, it creates an atmosphere that feels tropical and refreshing."
industrial,vintage furniture,potted plants,nature-inspired art,ultra-modern,LED-lit headboards,"Imagine a industrial bedroom characterized by vintage furniture. The room highlights potted plants, complemented by nature-inspired art. With LED-lit headboards, it creates an atmosphere that feels ultra-modern."
scandinavian,large windows,a fluffy area rug,nature-inspired art,opulent and elegant,canopy beds,"Step into a scandinavian haven, where large windows meets a fluffy area rug. Decorated with nature-inspired art, the design achieves a opulent and elegant atmosphere, further enhanced by canopy beds."
boho chic,exposed wooden beams,platform bed with soft bedding,soft pastel shades,opulent and elegant,automated blinds,"A perfect boho chic retreat featuring exposed wooden beams, with attention to detail like platform bed with soft bedding. Styled with soft pastel shades, the room offers a opulent and elegant vibe and includes special touches like automated blinds."
futuristic,stone fireplace,a fluffy area rug,geometric patterns,warm and inviting,fireplaces,"Step into a futuristic haven, where stone fireplace meets a fluffy area rug. Decorated with geometric patterns, the design achieves a warm and inviting atmosphere, further enhanced by fireplaces."
boho chic,sleek furniture,king-sized upholstered bed,fresh flower arrangements,ultra-modern,automated blinds,"A perfect boho chic retreat featuring sleek furniture, with attention to detail like king-sized upholstered bed. Styled with fresh flower arrangements, the room offers a ultra-modern vibe and includes special touches like automated blinds."
luxurious,vintage furniture,marble side tables,custom murals,vibrant and artistic,canopy beds,"Imagine a luxurious bedroom characterized by vintage furniture. The room highlights marble side tables, complemented by custom murals. With canopy beds, it creates an atmosphere that feels vibrant and artistic."
eclectic,smart home integrations,marble side tables,bold pops of color,ultra-modern,integrated workspace,"A perfect eclectic retreat featuring smart home integrations, with attention to detail like marble side tables. Styled with bold pops of color, the room offers a ultra-modern vibe and includes special touches like integrated workspace."
luxurious,stone fireplace,floor-to-ceiling bookshelves,custom murals,airy and spacious,automated blinds,"Designed in a luxurious style, this bedroom boasts stone fireplace, accompanied by floor-to-ceiling bookshelves and styled with custom murals. The ambiance is airy and spacious, thanks to features like automated blinds."
luxurious,sleek furniture,king-sized upholstered bed,metallic accents,ultra-modern,interactive smart screens,"Designed in a luxurious style, this bedroom boasts sleek furniture, accompanied by king-sized upholstered bed and styled with metallic accents. The ambiance is ultra-modern, thanks to features like interactive smart screens."
futuristic,stone fireplace,a fluffy area rug,earthy tones of brown and green,tropical and refreshing,interactive smart screens,"In this futuristic bedroom, stone fireplace sets the stage, while a fluffy area rug adds charm and earthy tones of brown and green enhances its aesthetic. The space is designed to feel tropical and refreshing, with interactive smart screens as a key element."
futuristic,floating bed with LED lighting,king-sized upholstered bed,bold pops of color,calm and relaxing,interactive smart screens,"Imagine a futuristic bedroom characterized by floating bed with LED lighting. The room highlights king-sized upholstered bed, complemented by bold pops of color. With interactive smart screens, it creates an atmosphere that feels calm and relaxing."
traditional,smart home integrations,king-sized upholstered bed,neutral tones of beige and white,sleek and futuristic,large mirrors,"Imagine a traditional bedroom characterized by smart home integrations. The room highlights king-sized upholstered bed, complemented by neutral tones of beige and white. With large mirrors, it creates an atmosphere that feels sleek and futuristic."
cozy rustic,stone fireplace,potted plants,earthy tones of brown and green,industrial yet comfortable,automated blinds,"Designed in a cozy rustic style, this bedroom boasts stone fireplace, accompanied by potted plants and styled with earthy tones of brown and green. The ambiance is industrial yet comfortable, thanks to features like automated blinds."
modern minimalist,warm ambient lighting,a fluffy area rug,custom murals,ultra-modern,canopy beds,"A perfect modern minimalist retreat featuring warm ambient lighting, with attention to detail like a fluffy area rug. Styled with custom murals, the room offers a ultra-modern vibe and includes special touches like canopy beds."
industrial,clean white walls,a fluffy area rug,woven baskets,tropical and refreshing,floating furniture,"Designed in a industrial style, this bedroom boasts clean white walls, accompanied by a fluffy area rug and styled with woven baskets. The ambiance is tropical and refreshing, thanks to features like floating furniture."
luxurious,smart home integrations,abstract wall art,nature-inspired art,calm and relaxing,hidden storage solutions,"Imagine a luxurious bedroom characterized by smart home integrations. The room highlights abstract wall art, complemented by nature-inspired art. With hidden storage solutions, it creates an atmosphere that feels calm and relaxing."
modern minimalist,floating bed with LED lighting,platform bed with soft bedding,metallic accents,ultra-modern,hidden storage solutions,"In this modern minimalist bedroom, floating bed with LED lighting sets the stage, while platform bed with soft bedding adds charm and metallic accents enhances its aesthetic. The space is designed to feel ultra-modern, with hidden storage solutions as a key element."
traditional,exposed wooden beams,abstract wall art,soft pastel shades,vibrant and artistic,hidden storage solutions,"Designed in a traditional style, this bedroom boasts exposed wooden beams, accompanied by abstract wall art and styled with soft pastel shades. The ambiance is vibrant and artistic, thanks to features like hidden storage solutions."
scandinavian,large windows,wooden nightstand with a lamp,soft pastel shades,industrial yet comfortable,canopy beds,"Designed in a scandinavian style, this bedroom boasts large windows, accompanied by wooden nightstand with a lamp and styled with soft pastel shades. The ambiance is industrial yet comfortable, thanks to features like canopy beds."
traditional,floating bed with LED lighting,king-sized upholstered bed,custom murals,vibrant and artistic,interactive smart screens,"Step into a traditional haven, where floating bed with LED lighting meets king-sized upholstered bed. Decorated with custom murals, the design achieves a vibrant and artistic atmosphere, further enhanced by interactive smart screens."
tropical,plush carpets,wooden nightstand with a lamp,custom murals,industrial yet comfortable,automated blinds,"Designed in a tropical style, this bedroom boasts plush carpets, accompanied by wooden nightstand with a lamp and styled with custom murals. The ambiance is industrial yet comfortable, thanks to features like automated blinds."
eclectic,plush carpets,king-sized upholstered bed,geometric patterns,airy and spacious,panoramic views,"In this eclectic bedroom, plush carpets sets the stage, while king-sized upholstered bed adds charm and geometric patterns enhances its aesthetic. The space is designed to feel airy and spacious, with panoramic views as a key element."
traditional,stone fireplace,floor-to-ceiling bookshelves,custom murals,industrial yet comfortable,LED-lit headboards,"Designed in a traditional style, this bedroom boasts stone fireplace, accompanied by floor-to-ceiling bookshelves and styled with custom murals. The ambiance is industrial yet comfortable, thanks to features like LED-lit headboards."
luxurious,sleek furniture,marble side tables,woven baskets,sleek and futuristic,LED-lit headboards,"In this luxurious bedroom, sleek furniture sets the stage, while marble side tables adds charm and woven baskets enhances its aesthetic. The space is designed to feel sleek and futuristic, with LED-lit headboards as a key element."
tropical,stone fireplace,floor-to-ceiling bookshelves,custom murals,airy and spacious,hidden storage solutions,"In this tropical bedroom, stone fireplace sets the stage, while floor-to-ceiling bookshelves adds charm and custom murals enhances its aesthetic. The space is designed to feel airy and spacious, with hidden storage solutions as a key element."
luxurious,plush carpets,a fluffy area rug,nature-inspired art,tropical and refreshing,canopy beds,"Step into a luxurious haven, where plush carpets meets a fluffy area rug. Decorated with nature-inspired art, the design achieves a tropical and refreshing atmosphere, further enhanced by canopy beds."
luxurious,sleek furniture,a fluffy area rug,earthy tones of brown and green,cozy and welcoming,canopy beds,"A perfect luxurious retreat featuring sleek furniture, with attention to detail like a fluffy area rug. Styled with earthy tones of brown and green, the room offers a cozy and welcoming vibe and includes special touches like canopy beds."
scandinavian,floating bed with LED lighting,potted plants,earthy tones of brown and green,tropical and refreshing,fireplaces,"A perfect scandinavian retreat featuring floating bed with LED lighting, with attention to detail like potted plants. Styled with earthy tones of brown and green, the room offers a tropical and refreshing vibe and includes special touches like fireplaces."
traditional,exposed wooden beams,wooden nightstand with a lamp,neutral tones of beige and white,opulent and elegant,LED-lit headboards,"Step into a traditional haven, where exposed wooden beams meets wooden nightstand with a lamp. Decorated with neutral tones of beige and white, the design achieves a opulent and elegant atmosphere, further enhanced by LED-lit headboards."
tropical,clean white walls,chandeliers or pendant lighting,earthy tones of brown and green,warm and inviting,automated blinds,"A perfect tropical retreat featuring clean white walls, with attention to detail like chandeliers or pendant lighting. Styled with earthy tones of brown and green, the room offers a warm and inviting vibe and includes special touches like automated blinds."
eclectic,sleek furniture,abstract wall art,neutral tones of beige and white,tropical and refreshing,integrated workspace,"Imagine a eclectic bedroom characterized by sleek furniture. The room highlights abstract wall art, complemented by neutral tones of beige and white. With integrated workspace, it creates an atmosphere that feels tropical and refreshing."
futuristic,smart home integrations,wooden nightstand with a lamp,woven baskets,vibrant and artistic,panoramic views,"In this futuristic bedroom, smart home integrations sets the stage, while wooden nightstand with a lamp adds charm and woven baskets enhances its aesthetic. The space is designed to feel vibrant and artistic, with panoramic views as a key element."
modern minimalist,warm ambient lighting,chandeliers or pendant lighting,soft pastel shades,tropical and refreshing,large mirrors,"Designed in a modern minimalist style, this bedroom boasts warm ambient lighting, accompanied by chandeliers or pendant lighting and styled with soft pastel shades. The ambiance is tropical and refreshing, thanks to features like large mirrors."
industrial,clean white walls,floor-to-ceiling bookshelves,earthy tones of brown and green,tropical and refreshing,fireplaces,"Designed in a industrial style, this bedroom boasts clean white walls, accompanied by floor-to-ceiling bookshelves and styled with earthy tones of brown and green. The ambiance is tropical and refreshing, thanks to features like fireplaces."
cozy rustic,smart home integrations,platform bed with soft bedding,soft pastel shades,opulent and elegant,integrated workspace,"Step into a cozy rustic haven, where smart home integrations meets platform bed with soft bedding. Decorated with soft pastel shades, the design achieves a opulent and elegant atmosphere, further enhanced by integrated workspace."
futuristic,clean white walls,floor-to-ceiling bookshelves,earthy tones of brown and green,ultra-modern,large mirrors,"In this futuristic bedroom, clean white walls sets the stage, while floor-to-ceiling bookshelves adds charm and earthy tones of brown and green enhances its aesthetic. The space is designed to feel ultra-modern, with large mirrors as a key element."
modern minimalist,sleek furniture,potted plants,bold pops of color,warm and inviting,panoramic views,"Imagine a modern minimalist bedroom characterized by sleek furniture. The room highlights potted plants, complemented by bold pops of color. With panoramic views, it creates an atmosphere that feels warm and inviting."
eclectic,vintage furniture,platform bed with soft bedding,neutral tones of beige and white,airy and spacious,hidden storage solutions,"Designed in a eclectic style, this bedroom boasts vintage furniture, accompanied by platform bed with soft bedding and styled with neutral tones of beige and white. The ambiance is airy and spacious, thanks to features like hidden storage solutions."
cozy rustic,sleek furniture,king-sized upholstered bed,custom murals,warm and inviting,automated blinds,"Designed in a cozy rustic style, this bedroom boasts sleek furniture, accompanied by king-sized upholstered bed and styled with custom murals. The ambiance is warm and inviting, thanks to features like automated blinds."
industrial,vintage furniture,chandeliers or pendant lighting,neutral tones of beige and white,ultra-modern,canopy beds,"Step into a industrial haven, where vintage furniture meets chandeliers or pendant lighting. Decorated with neutral tones of beige and white, the design achieves a ultra-modern atmosphere, further enhanced by canopy beds."
traditional,exposed wooden beams,abstract wall art,woven baskets,vibrant and artistic,fireplaces,"Designed in a traditional style, this bedroom boasts exposed wooden beams, accompanied by abstract wall art and styled with woven baskets. The ambiance is vibrant and artistic, thanks to features like fireplaces."
eclectic,warm ambient lighting,potted plants,fresh flower arrangements,vibrant and artistic,LED-lit headboards,"In this eclectic bedroom, warm ambient lighting sets the stage, while potted plants adds charm and fresh flower arrangements enhances its aesthetic. The space is designed to feel vibrant and artistic, with LED-lit headboards as a key element."
traditional,warm ambient lighting,floor-to-ceiling bookshelves,bold pops of color,sleek and futuristic,integrated workspace,"Designed in a traditional style, this bedroom boasts warm ambient lighting, accompanied by floor-to-ceiling bookshelves and styled with bold pops of color. The ambiance is sleek and futuristic, thanks to features like integrated workspace."
boho chic,large windows,marble side tables,woven baskets,cozy and welcoming,panoramic views,"Step into a boho chic haven, where large windows meets marble side tables. Decorated with woven baskets, the design achieves a cozy and welcoming atmosphere, further enhanced by panoramic views."
eclectic,large windows,platform bed with soft bedding,metallic accents,industrial yet comfortable,large mirrors,"A perfect eclectic retreat featuring large windows, with attention to detail like platform bed with soft bedding. Styled with metallic accents, the room offers a industrial yet comfortable vibe and includes special touches like large mirrors."
scandinavian,floating bed with LED lighting,platform bed with soft bedding,soft pastel shades,vibrant and artistic,integrated workspace,"Designed in a scandinavian style, this bedroom boasts floating bed with LED lighting, accompanied by platform bed with soft bedding and styled with soft pastel shades. The ambiance is vibrant and artistic, thanks to features like integrated workspace."
boho chic,large windows,a fluffy area rug,neutral tones of beige and white,opulent and elegant,floating furniture,"Step into a boho chic haven, where large windows meets a fluffy area rug. Decorated with neutral tones of beige and white, the design achieves a opulent and elegant atmosphere, further enhanced by floating furniture."
modern minimalist,floating bed with LED lighting,king-sized upholstered bed,neutral tones of beige and white,vibrant and artistic,interactive smart screens,"A perfect modern minimalist retreat featuring floating bed with LED lighting, with attention to detail like king-sized upholstered bed. Styled with neutral tones of beige and white, the room offers a vibrant and artistic vibe and includes special touches like interactive smart screens."
boho chic,smart home integrations,marble side tables,metallic accents,opulent and elegant,fireplaces,"Designed in a boho chic style, this bedroom boasts smart home integrations, accompanied by marble side tables and styled with metallic accents. The ambiance is opulent and elegant, thanks to features like fireplaces."
luxurious,sleek furniture,potted plants,custom murals,airy and spacious,integrated workspace,"Step into a luxurious haven, where sleek furniture meets potted plants. Decorated with custom murals, the design achieves a airy and spacious atmosphere, further enhanced by integrated workspace."
boho chic,warm ambient lighting,a fluffy area rug,earthy tones of brown and green,sleek and futuristic,floating furniture,"Imagine a boho chic bedroom characterized by warm ambient lighting. The room highlights a fluffy area rug, complemented by earthy tones of brown and green. With floating furniture, it creates an atmosphere that feels sleek and futuristic."
traditional,warm ambient lighting,marble side tables,fresh flower arrangements,vibrant and artistic,LED-lit headboards,"Imagine a traditional bedroom characterized by warm ambient lighting. The room highlights marble side tables, complemented by fresh flower arrangements. With LED-lit headboards, it creates an atmosphere that feels vibrant and artistic."
futuristic,sleek furniture,platform bed with soft bedding,woven baskets,vibrant and artistic,integrated workspace,"A perfect futuristic retreat featuring sleek furniture, with attention to detail like platform bed with soft bedding. Styled with woven baskets, the room offers a vibrant and artistic vibe and includes special touches like integrated workspace."
boho chic,clean white walls,marble side tables,fresh flower arrangements,cozy and welcoming,integrated workspace,"Step into a boho chic haven, where clean white walls meets marble side tables. Decorated with fresh flower arrangements, the design achieves a cozy and welcoming atmosphere, further enhanced by integrated workspace."
traditional,warm ambient lighting,sheer curtains,woven baskets,warm and inviting,integrated workspace,"Step into a traditional haven, where warm ambient lighting meets sheer curtains. Decorated with woven baskets, the design achieves a warm and inviting atmosphere, further enhanced by integrated workspace."
luxurious,plush carpets,platform bed with soft bedding,metallic accents,warm and inviting,large mirrors,"Step into a luxurious haven, where plush carpets meets platform bed with soft bedding. Decorated with metallic accents, the design achieves a warm and inviting atmosphere, further enhanced by large mirrors."
tropical,stone fireplace,marble side tables,geometric patterns,cozy and welcoming,panoramic views,"A perfect tropical retreat featuring stone fireplace, with attention to detail like marble side tables. Styled with geometric patterns, the room offers a cozy and welcoming vibe and includes special touches like panoramic views."
luxurious,smart home integrations,wooden nightstand with a lamp,fresh flower arrangements,ultra-modern,floating furniture,"In this luxurious bedroom, smart home integrations sets the stage, while wooden nightstand with a lamp adds charm and fresh flower arrangements enhances its aesthetic. The space is designed to feel ultra-modern, with floating furniture as a key element."
boho chic,large windows,marble side tables,geometric patterns,airy and spacious,fireplaces,"Designed in a boho chic style, this bedroom boasts large windows, accompanied by marble side tables and styled with geometric patterns. The ambiance is airy and spacious, thanks to features like fireplaces."
traditional,smart home integrations,platform bed with soft bedding,geometric patterns,warm and inviting,large mirrors,"Step into a traditional haven, where smart home integrations meets platform bed with soft bedding. Decorated with geometric patterns, the design achieves a warm and inviting atmosphere, further enhanced by large mirrors."
modern minimalist,sleek furniture,chandeliers or pendant lighting,nature-inspired art,warm and inviting,automated blinds,"Designed in a modern minimalist style, this bedroom boasts sleek furniture, accompanied by chandeliers or pendant lighting and styled with nature-inspired art. The ambiance is warm and inviting, thanks to features like automated blinds."
modern minimalist,floating bed with LED lighting,king-sized upholstered bed,neutral tones of beige and white,cozy and welcoming,LED-lit headboards,"Imagine a modern minimalist bedroom characterized by floating bed with LED lighting. The room highlights king-sized upholstered bed, complemented by neutral tones of beige and white. With LED-lit headboards, it creates an atmosphere that feels cozy and welcoming."
cozy rustic,plush carpets,king-sized upholstered bed,nature-inspired art,industrial yet comfortable,panoramic views,"Step into a cozy rustic haven, where plush carpets meets king-sized upholstered bed. Decorated with nature-inspired art, the design achieves a industrial yet comfortable atmosphere, further enhanced by panoramic views."
cozy rustic,large windows,platform bed with soft bedding,earthy tones of brown and green,industrial yet comfortable,automated blinds,"A perfect cozy rustic retreat featuring large windows, with attention to detail like platform bed with soft bedding. Styled with earthy tones of brown and green, the room offers a industrial yet comfortable vibe and includes special touches like automated blinds."
modern minimalist,stone fireplace,chandeliers or pendant lighting,woven baskets,sleek and futuristic,large mirrors,"Designed in a modern minimalist style, this bedroom boasts stone fireplace, accompanied by chandeliers or pendant lighting and styled with woven baskets. The ambiance is sleek and futuristic, thanks to features like large mirrors."
boho chic,exposed wooden beams,wooden nightstand with a lamp,soft pastel shades,cozy and welcoming,interactive smart screens,"In this boho chic bedroom, exposed wooden beams sets the stage, while wooden nightstand with a lamp adds charm and soft pastel shades enhances its aesthetic. The space is designed to feel cozy and welcoming, with interactive smart screens as a key element."
eclectic,vintage furniture,king-sized upholstered bed,earthy tones of brown and green,industrial yet comfortable,hidden storage solutions,"Step into a eclectic haven, where vintage furniture meets king-sized upholstered bed. Decorated with earthy tones of brown and green, the design achieves a industrial yet comfortable atmosphere, further enhanced by hidden storage solutions."
luxurious,plush carpets,platform bed with soft bedding,custom murals,calm and relaxing,canopy beds,"In this luxurious bedroom, plush carpets sets the stage, while platform bed with soft bedding adds charm and custom murals enhances its aesthetic. The space is designed to feel calm and relaxing, with canopy beds as a key element."
scandinavian,floating bed with LED lighting,marble side tables,earthy tones of brown and green,opulent and elegant,large mirrors,"Imagine a scandinavian bedroom characterized by floating bed with LED lighting. The room highlights marble side tables, complemented by earthy tones of brown and green. With large mirrors, it creates an atmosphere that feels opulent and elegant."
boho chic,exposed wooden beams,floor-to-ceiling bookshelves,soft pastel shades,calm and relaxing,floating furniture,"In this boho chic bedroom, exposed wooden beams sets the stage, while floor-to-ceiling bookshelves adds charm and soft pastel shades enhances its aesthetic. The space is designed to feel calm and relaxing, with floating furniture as a key element."
cozy rustic,exposed wooden beams,sheer curtains,geometric patterns,tropical and refreshing,fireplaces,"Designed in a cozy rustic style, this bedroom boasts exposed wooden beams, accompanied by sheer curtains and styled with geometric patterns. The ambiance is tropical and refreshing, thanks to features like fireplaces."
boho chic,vintage furniture,abstract wall art,woven baskets,airy and spacious,interactive smart screens,"Imagine a boho chic bedroom characterized by vintage furniture. The room highlights abstract wall art, complemented by woven baskets. With interactive smart screens, it creates an atmosphere that feels airy and spacious."
futuristic,stone fireplace,sheer curtains,bold pops of color,sleek and futuristic,large mirrors,"Step into a futuristic haven, where stone fireplace meets sheer curtains. Decorated with bold pops of color, the design achieves a sleek and futuristic atmosphere, further enhanced by large mirrors."
scandinavian,plush carpets,abstract wall art,soft pastel shades,cozy and welcoming,hidden storage solutions,"In this scandinavian bedroom, plush carpets sets the stage, while abstract wall art adds charm and soft pastel shades enhances its aesthetic. The space is designed to feel cozy and welcoming, with hidden storage solutions as a key element."
scandinavian,stone fireplace,king-sized upholstered bed,woven baskets,warm and inviting,LED-lit headboards,"A perfect scandinavian retreat featuring stone fireplace, with attention to detail like king-sized upholstered bed. Styled with woven baskets, the room offers a warm and inviting vibe and includes special touches like LED-lit headboards."
cozy rustic,warm ambient lighting,chandeliers or pendant lighting,custom murals,industrial yet comfortable,automated blinds,"A perfect cozy rustic retreat featuring warm ambient lighting, with attention to detail like chandeliers or pendant lighting. Styled with custom murals, the room offers a industrial yet comfortable vibe and includes special touches like automated blinds."
