Style,Feature,Detail,Decor,Atmosphere,Special Feature,Prompt
luxurious,sleek furniture,sheer curtains,woven baskets,industrial yet comfortable,fireplaces,"A luxurious bedroom with sleek furniture, featuring sheer curtains, and woven baskets. The color scheme is woven baskets. The atmosphere is industrial yet comfortable, with fireplaces. The design is optimized for comfort and practicality."
tropical,plush carpets,sheer curtains,bold pops of color,airy and spacious,interactive smart screens,"A tropical bedroom with plush carpets, featuring sheer curtains, and bold pops of color. The color scheme is bold pops of color. The atmosphere is airy and spacious, with interactive smart screens. The design is optimized for comfort and practicality."
traditional,smart home integrations,sheer curtains,woven baskets,sleek and futuristic,canopy beds,"A traditional bedroom with smart home integrations, featuring sheer curtains, and woven baskets. The color scheme is woven baskets. The atmosphere is sleek and futuristic, with canopy beds. The design is optimized for comfort and practicality."
industrial,smart home integrations,platform bed with soft bedding,neutral tones of beige and white,vibrant and artistic,panoramic views,"A industrial bedroom with smart home integrations, featuring platform bed with soft bedding, and neutral tones of beige and white. The color scheme is neutral tones of beige and white. The atmosphere is vibrant and artistic, with panoramic views. The design is optimized for comfort and practicality."
scandinavian,clean white walls,wooden nightstand with a lamp,soft pastel shades,ultra-modern,LED-lit headboards,"A scandinavian bedroom with clean white walls, featuring wooden nightstand with a lamp, and soft pastel shades. The color scheme is soft pastel shades. The atmosphere is ultra-modern, with LED-lit headboards. The design is optimized for comfort and practicality."
eclectic,clean white walls,floor-to-ceiling bookshelves,custom murals,opulent and elegant,floating furniture,"A eclectic bedroom with clean white walls, featuring floor-to-ceiling bookshelves, and custom murals. The color scheme is custom murals. The atmosphere is opulent and elegant, with floating furniture. The design is optimized for comfort and practicality."
boho chic,vintage furniture,abstract wall art,bold pops of color,warm and inviting,LED-lit headboards,"A boho chic bedroom with vintage furniture, featuring abstract wall art, and bold pops of color. The color scheme is bold pops of color. The atmosphere is warm and inviting, with LED-lit headboards. The design is optimized for comfort and practicality."
industrial,floating bed with LED lighting,abstract wall art,geometric patterns,warm and inviting,fireplaces,"A industrial bedroom with floating bed with LED lighting, featuring abstract wall art, and geometric patterns. The color scheme is geometric patterns. The atmosphere is warm and inviting, with fireplaces. The design is optimized for comfort and practicality."
eclectic,vintage furniture,a fluffy area rug,neutral tones of beige and white,sleek and futuristic,large mirrors,"A eclectic bedroom with vintage furniture, featuring a fluffy area rug, and neutral tones of beige and white. The color scheme is neutral tones of beige and white. The atmosphere is sleek and futuristic, with large mirrors. The design is optimized for comfort and practicality."
futuristic,sleek furniture,floor-to-ceiling bookshelves,bold pops of color,cozy and welcoming,hidden storage solutions,"A futuristic bedroom with sleek furniture, featuring floor-to-ceiling bookshelves, and bold pops of color. The color scheme is bold pops of color. The atmosphere is cozy and welcoming, with hidden storage solutions. The design is optimized for comfort and practicality."
tropical,smart home integrations,chandeliers or pendant lighting,earthy tones of brown and green,tropical and refreshing,interactive smart screens,"A tropical bedroom with smart home integrations, featuring chandeliers or pendant lighting, and earthy tones of brown and green. The color scheme is earthy tones of brown and green. The atmosphere is tropical and refreshing, with interactive smart screens. The design is optimized for comfort and practicality."
scandinavian,vintage furniture,potted plants,neutral tones of beige and white,industrial yet comfortable,large mirrors,"A scandinavian bedroom with vintage furniture, featuring potted plants, and neutral tones of beige and white. The color scheme is neutral tones of beige and white. The atmosphere is industrial yet comfortable, with large mirrors. The design is optimized for comfort and practicality."
cozy rustic,sleek furniture,potted plants,bold pops of color,calm and relaxing,interactive smart screens,"A cozy rustic bedroom with sleek furniture, featuring potted plants, and bold pops of color. The color scheme is bold pops of color. The atmosphere is calm and relaxing, with interactive smart screens. The design is optimized for comfort and practicality."
tropical,clean white walls,king-sized upholstered bed,geometric patterns,calm and relaxing,fireplaces,"A tropical bedroom with clean white walls, featuring king-sized upholstered bed, and geometric patterns. The color scheme is geometric patterns. The atmosphere is calm and relaxing, with fireplaces. The design is optimized for comfort and practicality."
traditional,smart home integrations,abstract wall art,fresh flower arrangements,cozy and welcoming,floating furniture,"A traditional bedroom with smart home integrations, featuring abstract wall art, and fresh flower arrangements. The color scheme is fresh flower arrangements. The atmosphere is cozy and welcoming, with floating furniture. The design is optimized for comfort and practicality."
luxurious,large windows,sheer curtains,geometric patterns,industrial yet comfortable,LED-lit headboards,"A luxurious bedroom with large windows, featuring sheer curtains, and geometric patterns. The color scheme is geometric patterns. The atmosphere is industrial yet comfortable, with LED-lit headboards. The design is optimized for comfort and practicality."
futuristic,floating bed with LED lighting,sheer curtains,neutral tones of beige and white,industrial yet comfortable,automated blinds,"A futuristic bedroom with floating bed with LED lighting, featuring sheer curtains, and neutral tones of beige and white. The color scheme is neutral tones of beige and white. The atmosphere is industrial yet comfortable, with automated blinds. The design is optimized for comfort and practicality."
tropical,stone fireplace,abstract wall art,neutral tones of beige and white,opulent and elegant,large mirrors,"A tropical bedroom with stone fireplace, featuring abstract wall art, and neutral tones of beige and white. The color scheme is neutral tones of beige and white. The atmosphere is opulent and elegant, with large mirrors. The design is optimized for comfort and practicality."
eclectic,clean white walls,floor-to-ceiling bookshelves,nature-inspired art,calm and relaxing,panoramic views,"A eclectic bedroom with clean white walls, featuring floor-to-ceiling bookshelves, and nature-inspired art. The color scheme is nature-inspired art. The atmosphere is calm and relaxing, with panoramic views. The design is optimized for comfort and practicality."
industrial,smart home integrations,sheer curtains,geometric patterns,cozy and welcoming,LED-lit headboards,"A industrial bedroom with smart home integrations, featuring sheer curtains, and geometric patterns. The color scheme is geometric patterns. The atmosphere is cozy and welcoming, with LED-lit headboards. The design is optimized for comfort and practicality."
scandinavian,smart home integrations,a fluffy area rug,custom murals,warm and inviting,floating furniture,"A scandinavian bedroom with smart home integrations, featuring a fluffy area rug, and custom murals. The color scheme is custom murals. The atmosphere is warm and inviting, with floating furniture. The design is optimized for comfort and practicality."
cozy rustic,smart home integrations,a fluffy area rug,fresh flower arrangements,ultra-modern,panoramic views,"A cozy rustic bedroom with smart home integrations, featuring a fluffy area rug, and fresh flower arrangements. The color scheme is fresh flower arrangements. The atmosphere is ultra-modern, with panoramic views. The design is optimized for comfort and practicality."
tropical,clean white walls,marble side tables,neutral tones of beige and white,vibrant and artistic,integrated workspace,"A tropical bedroom with clean white walls, featuring marble side tables, and neutral tones of beige and white. The color scheme is neutral tones of beige and white. The atmosphere is vibrant and artistic, with integrated workspace. The design is optimized for comfort and practicality."
boho chic,vintage furniture,chandeliers or pendant lighting,nature-inspired art,opulent and elegant,hidden storage solutions,"A boho chic bedroom with vintage furniture, featuring chandeliers or pendant lighting, and nature-inspired art. The color scheme is nature-inspired art. The atmosphere is opulent and elegant, with hidden storage solutions. The design is optimized for comfort and practicality."
traditional,smart home integrations,sheer curtains,fresh flower arrangements,vibrant and artistic,interactive smart screens,"A traditional bedroom with smart home integrations, featuring sheer curtains, and fresh flower arrangements. The color scheme is fresh flower arrangements. The atmosphere is vibrant and artistic, with interactive smart screens. The design is optimized for comfort and practicality."
tropical,exposed wooden beams,a fluffy area rug,neutral tones of beige and white,ultra-modern,panoramic views,"A tropical bedroom with exposed wooden beams, featuring a fluffy area rug, and neutral tones of beige and white. The color scheme is neutral tones of beige and white. The atmosphere is ultra-modern, with panoramic views. The design is optimized for comfort and practicality."
futuristic,floating bed with LED lighting,floor-to-ceiling bookshelves,earthy tones of brown and green,opulent and elegant,canopy beds,"A futuristic bedroom with floating bed with LED lighting, featuring floor-to-ceiling bookshelves, and earthy tones of brown and green. The color scheme is earthy tones of brown and green. The atmosphere is opulent and elegant, with canopy beds. The design is optimized for comfort and practicality."
modern minimalist,large windows,sheer curtains,nature-inspired art,opulent and elegant,interactive smart screens,"A modern minimalist bedroom with large windows, featuring sheer curtains, and nature-inspired art. The color scheme is nature-inspired art. The atmosphere is opulent and elegant, with interactive smart screens. The design is optimized for comfort and practicality."
tropical,exposed wooden beams,wooden nightstand with a lamp,metallic accents,tropical and refreshing,interactive smart screens,"A tropical bedroom with exposed wooden beams, featuring wooden nightstand with a lamp, and metallic accents. The color scheme is metallic accents. The atmosphere is tropical and refreshing, with interactive smart screens. The design is optimized for comfort and practicality."
scandinavian,exposed wooden beams,abstract wall art,bold pops of color,sleek and futuristic,integrated workspace,"A scandinavian bedroom with exposed wooden beams, featuring abstract wall art, and bold pops of color. The color scheme is bold pops of color. The atmosphere is sleek and futuristic, with integrated workspace. The design is optimized for comfort and practicality."
eclectic,clean white walls,a fluffy area rug,fresh flower arrangements,sleek and futuristic,floating furniture,"A eclectic bedroom with clean white walls, featuring a fluffy area rug, and fresh flower arrangements. The color scheme is fresh flower arrangements. The atmosphere is sleek and futuristic, with floating furniture. The design is optimized for comfort and practicality."
tropical,exposed wooden beams,potted plants,bold pops of color,sleek and futuristic,hidden storage solutions,"A tropical bedroom with exposed wooden beams, featuring potted plants, and bold pops of color. The color scheme is bold pops of color. The atmosphere is sleek and futuristic, with hidden storage solutions. The design is optimized for comfort and practicality."
traditional,exposed wooden beams,marble side tables,metallic accents,warm and inviting,automated blinds,"A traditional bedroom with exposed wooden beams, featuring marble side tables, and metallic accents. The color scheme is metallic accents. The atmosphere is warm and inviting, with automated blinds. The design is optimized for comfort and practicality."
traditional,sleek furniture,platform bed with soft bedding,nature-inspired art,opulent and elegant,hidden storage solutions,"A traditional bedroom with sleek furniture, featuring platform bed with soft bedding, and nature-inspired art. The color scheme is nature-inspired art. The atmosphere is opulent and elegant, with hidden storage solutions. The design is optimized for comfort and practicality."
luxurious,warm ambient lighting,wooden nightstand with a lamp,soft pastel shades,opulent and elegant,LED-lit headboards,"A luxurious bedroom with warm ambient lighting, featuring wooden nightstand with a lamp, and soft pastel shades. The color scheme is soft pastel shades. The atmosphere is opulent and elegant, with LED-lit headboards. The design is optimized for comfort and practicality."
luxurious,clean white walls,abstract wall art,woven baskets,industrial yet comfortable,interactive smart screens,"A luxurious bedroom with clean white walls, featuring abstract wall art, and woven baskets. The color scheme is woven baskets. The atmosphere is industrial yet comfortable, with interactive smart screens. The design is optimized for comfort and practicality."
modern minimalist,large windows,a fluffy area rug,nature-inspired art,tropical and refreshing,floating furniture,"A modern minimalist bedroom with large windows, featuring a fluffy area rug, and nature-inspired art. The color scheme is nature-inspired art. The atmosphere is tropical and refreshing, with floating furniture. The design is optimized for comfort and practicality."
industrial,smart home integrations,potted plants,woven baskets,ultra-modern,interactive smart screens,"A industrial bedroom with smart home integrations, featuring potted plants, and woven baskets. The color scheme is woven baskets. The atmosphere is ultra-modern, with interactive smart screens. The design is optimized for comfort and practicality."
tropical,plush carpets,floor-to-ceiling bookshelves,custom murals,sleek and futuristic,floating furniture,"A tropical bedroom with plush carpets, featuring floor-to-ceiling bookshelves, and custom murals. The color scheme is custom murals. The atmosphere is sleek and futuristic, with floating furniture. The design is optimized for comfort and practicality."
industrial,sleek furniture,wooden nightstand with a lamp,nature-inspired art,industrial yet comfortable,fireplaces,"A industrial bedroom with sleek furniture, featuring wooden nightstand with a lamp, and nature-inspired art. The color scheme is nature-inspired art. The atmosphere is industrial yet comfortable, with fireplaces. The design is optimized for comfort and practicality."
tropical,clean white walls,chandeliers or pendant lighting,neutral tones of beige and white,opulent and elegant,panoramic views,"A tropical bedroom with clean white walls, featuring chandeliers or pendant lighting, and neutral tones of beige and white. The color scheme is neutral tones of beige and white. The atmosphere is opulent and elegant, with panoramic views. The design is optimized for comfort and practicality."
scandinavian,stone fireplace,chandeliers or pendant lighting,neutral tones of beige and white,calm and relaxing,LED-lit headboards,"A scandinavian bedroom with stone fireplace, featuring chandeliers or pendant lighting, and neutral tones of beige and white. The color scheme is neutral tones of beige and white. The atmosphere is calm and relaxing, with LED-lit headboards. The design is optimized for comfort and practicality."
traditional,smart home integrations,potted plants,nature-inspired art,calm and relaxing,floating furniture,"A traditional bedroom with smart home integrations, featuring potted plants, and nature-inspired art. The color scheme is nature-inspired art. The atmosphere is calm and relaxing, with floating furniture. The design is optimized for comfort and practicality."
traditional,sleek furniture,abstract wall art,neutral tones of beige and white,vibrant and artistic,canopy beds,"A traditional bedroom with sleek furniture, featuring abstract wall art, and neutral tones of beige and white. The color scheme is neutral tones of beige and white. The atmosphere is vibrant and artistic, with canopy beds. The design is optimized for comfort and practicality."
traditional,sleek furniture,a fluffy area rug,earthy tones of brown and green,cozy and welcoming,panoramic views,"A traditional bedroom with sleek furniture, featuring a fluffy area rug, and earthy tones of brown and green. The color scheme is earthy tones of brown and green. The atmosphere is cozy and welcoming, with panoramic views. The design is optimized for comfort and practicality."
futuristic,large windows,chandeliers or pendant lighting,soft pastel shades,sleek and futuristic,automated blinds,"A futuristic bedroom with large windows, featuring chandeliers or pendant lighting, and soft pastel shades. The color scheme is soft pastel shades. The atmosphere is sleek and futuristic, with automated blinds. The design is optimized for comfort and practicality."
futuristic,smart home integrations,abstract wall art,earthy tones of brown and green,tropical and refreshing,fireplaces,"A futuristic bedroom with smart home integrations, featuring abstract wall art, and earthy tones of brown and green. The color scheme is earthy tones of brown and green. The atmosphere is tropical and refreshing, with fireplaces. The design is optimized for comfort and practicality."
cozy rustic,smart home integrations,potted plants,metallic accents,vibrant and artistic,integrated workspace,"A cozy rustic bedroom with smart home integrations, featuring potted plants, and metallic accents. The color scheme is metallic accents. The atmosphere is vibrant and artistic, with integrated workspace. The design is optimized for comfort and practicality."
scandinavian,smart home integrations,sheer curtains,custom murals,vibrant and artistic,hidden storage solutions,"A scandinavian bedroom with smart home integrations, featuring sheer curtains, and custom murals. The color scheme is custom murals. The atmosphere is vibrant and artistic, with hidden storage solutions. The design is optimized for comfort and practicality."
scandinavian,floating bed with LED lighting,marble side tables,fresh flower arrangements,calm and relaxing,fireplaces,"A scandinavian bedroom with floating bed with LED lighting, featuring marble side tables, and fresh flower arrangements. The color scheme is fresh flower arrangements. The atmosphere is calm and relaxing, with fireplaces. The design is optimized for comfort and practicality."
luxurious,warm ambient lighting,marble side tables,metallic accents,ultra-modern,panoramic views,"A luxurious bedroom with warm ambient lighting, featuring marble side tables, and metallic accents. The color scheme is metallic accents. The atmosphere is ultra-modern, with panoramic views. The design is optimized for comfort and practicality."
luxurious,exposed wooden beams,potted plants,soft pastel shades,cozy and welcoming,interactive smart screens,"A luxurious bedroom with exposed wooden beams, featuring potted plants, and soft pastel shades. The color scheme is soft pastel shades. The atmosphere is cozy and welcoming, with interactive smart screens. The design is optimized for comfort and practicality."
cozy rustic,exposed wooden beams,potted plants,bold pops of color,industrial yet comfortable,floating furniture,"A cozy rustic bedroom with exposed wooden beams, featuring potted plants, and bold pops of color. The color scheme is bold pops of color. The atmosphere is industrial yet comfortable, with floating furniture. The design is optimized for comfort and practicality."
modern minimalist,plush carpets,king-sized upholstered bed,earthy tones of brown and green,cozy and welcoming,automated blinds,"A modern minimalist bedroom with plush carpets, featuring king-sized upholstered bed, and earthy tones of brown and green. The color scheme is earthy tones of brown and green. The atmosphere is cozy and welcoming, with automated blinds. The design is optimized for comfort and practicality."
luxurious,floating bed with LED lighting,marble side tables,metallic accents,industrial yet comfortable,large mirrors,"A luxurious bedroom with floating bed with LED lighting, featuring marble side tables, and metallic accents. The color scheme is metallic accents. The atmosphere is industrial yet comfortable, with large mirrors. The design is optimized for comfort and practicality."
industrial,smart home integrations,sheer curtains,bold pops of color,cozy and welcoming,integrated workspace,"A industrial bedroom with smart home integrations, featuring sheer curtains, and bold pops of color. The color scheme is bold pops of color. The atmosphere is cozy and welcoming, with integrated workspace. The design is optimized for comfort and practicality."
cozy rustic,floating bed with LED lighting,floor-to-ceiling bookshelves,woven baskets,tropical and refreshing,interactive smart screens,"A cozy rustic bedroom with floating bed with LED lighting, featuring floor-to-ceiling bookshelves, and woven baskets. The color scheme is woven baskets. The atmosphere is tropical and refreshing, with interactive smart screens. The design is optimized for comfort and practicality."
industrial,exposed wooden beams,platform bed with soft bedding,nature-inspired art,airy and spacious,hidden storage solutions,"A industrial bedroom with exposed wooden beams, featuring platform bed with soft bedding, and nature-inspired art. The color scheme is nature-inspired art. The atmosphere is airy and spacious, with hidden storage solutions. The design is optimized for comfort and practicality."
luxurious,floating bed with LED lighting,platform bed with soft bedding,woven baskets,opulent and elegant,integrated workspace,"A luxurious bedroom with floating bed with LED lighting, featuring platform bed with soft bedding, and woven baskets. The color scheme is woven baskets. The atmosphere is opulent and elegant, with integrated workspace. The design is optimized for comfort and practicality."
luxurious,floating bed with LED lighting,floor-to-ceiling bookshelves,earthy tones of brown and green,vibrant and artistic,LED-lit headboards,"A luxurious bedroom with floating bed with LED lighting, featuring floor-to-ceiling bookshelves, and earthy tones of brown and green. The color scheme is earthy tones of brown and green. The atmosphere is vibrant and artistic, with LED-lit headboards. The design is optimized for comfort and practicality."
cozy rustic,floating bed with LED lighting,king-sized upholstered bed,nature-inspired art,vibrant and artistic,fireplaces,"A cozy rustic bedroom with floating bed with LED lighting, featuring king-sized upholstered bed, and nature-inspired art. The color scheme is nature-inspired art. The atmosphere is vibrant and artistic, with fireplaces. The design is optimized for comfort and practicality."
luxurious,stone fireplace,chandeliers or pendant lighting,neutral tones of beige and white,vibrant and artistic,canopy beds,"A luxurious bedroom with stone fireplace, featuring chandeliers or pendant lighting, and neutral tones of beige and white. The color scheme is neutral tones of beige and white. The atmosphere is vibrant and artistic, with canopy beds. The design is optimized for comfort and practicality."
modern minimalist,warm ambient lighting,king-sized upholstered bed,custom murals,cozy and welcoming,integrated workspace,"A modern minimalist bedroom with warm ambient lighting, featuring king-sized upholstered bed, and custom murals. The color scheme is custom murals. The atmosphere is cozy and welcoming, with integrated workspace. The design is optimized for comfort and practicality."
scandinavian,stone fireplace,king-sized upholstered bed,earthy tones of brown and green,airy and spacious,panoramic views,"A scandinavian bedroom with stone fireplace, featuring king-sized upholstered bed, and earthy tones of brown and green. The color scheme is earthy tones of brown and green. The atmosphere is airy and spacious, with panoramic views. The design is optimized for comfort and practicality."
industrial,floating bed with LED lighting,king-sized upholstered bed,metallic accents,opulent and elegant,hidden storage solutions,"A industrial bedroom with floating bed with LED lighting, featuring king-sized upholstered bed, and metallic accents. The color scheme is metallic accents. The atmosphere is opulent and elegant, with hidden storage solutions. The design is optimized for comfort and practicality."
tropical,plush carpets,a fluffy area rug,bold pops of color,tropical and refreshing,canopy beds,"A tropical bedroom with plush carpets, featuring a fluffy area rug, and bold pops of color. The color scheme is bold pops of color. The atmosphere is tropical and refreshing, with canopy beds. The design is optimized for comfort and practicality."
eclectic,plush carpets,potted plants,bold pops of color,warm and inviting,interactive smart screens,"A eclectic bedroom with plush carpets, featuring potted plants, and bold pops of color. The color scheme is bold pops of color. The atmosphere is warm and inviting, with interactive smart screens. The design is optimized for comfort and practicality."
cozy rustic,clean white walls,potted plants,geometric patterns,vibrant and artistic,panoramic views,"A cozy rustic bedroom with clean white walls, featuring potted plants, and geometric patterns. The color scheme is geometric patterns. The atmosphere is vibrant and artistic, with panoramic views. The design is optimized for comfort and practicality."
eclectic,clean white walls,platform bed with soft bedding,bold pops of color,calm and relaxing,hidden storage solutions,"A eclectic bedroom with clean white walls, featuring platform bed with soft bedding, and bold pops of color. The color scheme is bold pops of color. The atmosphere is calm and relaxing, with hidden storage solutions. The design is optimized for comfort and practicality."
tropical,exposed wooden beams,marble side tables,soft pastel shades,warm and inviting,large mirrors,"A tropical bedroom with exposed wooden beams, featuring marble side tables, and soft pastel shades. The color scheme is soft pastel shades. The atmosphere is warm and inviting, with large mirrors. The design is optimized for comfort and practicality."
tropical,plush carpets,marble side tables,fresh flower arrangements,warm and inviting,LED-lit headboards,"A tropical bedroom with plush carpets, featuring marble side tables, and fresh flower arrangements. The color scheme is fresh flower arrangements. The atmosphere is warm and inviting, with LED-lit headboards. The design is optimized for comfort and practicality."
eclectic,vintage furniture,abstract wall art,soft pastel shades,cozy and welcoming,large mirrors,"A eclectic bedroom with vintage furniture, featuring abstract wall art, and soft pastel shades. The color scheme is soft pastel shades. The atmosphere is cozy and welcoming, with large mirrors. The design is optimized for comfort and practicality."
traditional,clean white walls,sheer curtains,nature-inspired art,airy and spacious,large mirrors,"A traditional bedroom with clean white walls, featuring sheer curtains, and nature-inspired art. The color scheme is nature-inspired art. The atmosphere is airy and spacious, with large mirrors. The design is optimized for comfort and practicality."
industrial,smart home integrations,floor-to-ceiling bookshelves,fresh flower arrangements,warm and inviting,floating furniture,"A industrial bedroom with smart home integrations, featuring floor-to-ceiling bookshelves, and fresh flower arrangements. The color scheme is fresh flower arrangements. The atmosphere is warm and inviting, with floating furniture. The design is optimized for comfort and practicality."
luxurious,floating bed with LED lighting,floor-to-ceiling bookshelves,soft pastel shades,ultra-modern,panoramic views,"A luxurious bedroom with floating bed with LED lighting, featuring floor-to-ceiling bookshelves, and soft pastel shades. The color scheme is soft pastel shades. The atmosphere is ultra-modern, with panoramic views. The design is optimized for comfort and practicality."
traditional,clean white walls,sheer curtains,geometric patterns,opulent and elegant,interactive smart screens,"A traditional bedroom with clean white walls, featuring sheer curtains, and geometric patterns. The color scheme is geometric patterns. The atmosphere is opulent and elegant, with interactive smart screens. The design is optimized for comfort and practicality."
scandinavian,exposed wooden beams,platform bed with soft bedding,custom murals,vibrant and artistic,panoramic views,"A scandinavian bedroom with exposed wooden beams, featuring platform bed with soft bedding, and custom murals. The color scheme is custom murals. The atmosphere is vibrant and artistic, with panoramic views. The design is optimized for comfort and practicality."
scandinavian,plush carpets,abstract wall art,bold pops of color,warm and inviting,canopy beds,"A scandinavian bedroom with plush carpets, featuring abstract wall art, and bold pops of color. The color scheme is bold pops of color. The atmosphere is warm and inviting, with canopy beds. The design is optimized for comfort and practicality."
boho chic,clean white walls,abstract wall art,geometric patterns,airy and spacious,canopy beds,"A boho chic bedroom with clean white walls, featuring abstract wall art, and geometric patterns. The color scheme is geometric patterns. The atmosphere is airy and spacious, with canopy beds. The design is optimized for comfort and practicality."
industrial,plush carpets,marble side tables,neutral tones of beige and white,industrial yet comfortable,panoramic views,"A industrial bedroom with plush carpets, featuring marble side tables, and neutral tones of beige and white. The color scheme is neutral tones of beige and white. The atmosphere is industrial yet comfortable, with panoramic views. The design is optimized for comfort and practicality."
cozy rustic,exposed wooden beams,a fluffy area rug,fresh flower arrangements,cozy and welcoming,canopy beds,"A cozy rustic bedroom with exposed wooden beams, featuring a fluffy area rug, and fresh flower arrangements. The color scheme is fresh flower arrangements. The atmosphere is cozy and welcoming, with canopy beds. The design is optimized for comfort and practicality."
cozy rustic,exposed wooden beams,chandeliers or pendant lighting,metallic accents,vibrant and artistic,fireplaces,"A cozy rustic bedroom with exposed wooden beams, featuring chandeliers or pendant lighting, and metallic accents. The color scheme is metallic accents. The atmosphere is vibrant and artistic, with fireplaces. The design is optimized for comfort and practicality."
industrial,plush carpets,floor-to-ceiling bookshelves,neutral tones of beige and white,opulent and elegant,floating furniture,"A industrial bedroom with plush carpets, featuring floor-to-ceiling bookshelves, and neutral tones of beige and white. The color scheme is neutral tones of beige and white. The atmosphere is opulent and elegant, with floating furniture. The design is optimized for comfort and practicality."
industrial,floating bed with LED lighting,platform bed with soft bedding,neutral tones of beige and white,ultra-modern,LED-lit headboards,"A industrial bedroom with floating bed with LED lighting, featuring platform bed with soft bedding, and neutral tones of beige and white. The color scheme is neutral tones of beige and white. The atmosphere is ultra-modern, with LED-lit headboards. The design is optimized for comfort and practicality."
eclectic,vintage furniture,abstract wall art,woven baskets,calm and relaxing,hidden storage solutions,"A eclectic bedroom with vintage furniture, featuring abstract wall art, and woven baskets. The color scheme is woven baskets. The atmosphere is calm and relaxing, with hidden storage solutions. The design is optimized for comfort and practicality."
tropical,sleek furniture,king-sized upholstered bed,bold pops of color,ultra-modern,canopy beds,"A tropical bedroom with sleek furniture, featuring king-sized upholstered bed, and bold pops of color. The color scheme is bold pops of color. The atmosphere is ultra-modern, with canopy beds. The design is optimized for comfort and practicality."
tropical,warm ambient lighting,marble side tables,bold pops of color,ultra-modern,automated blinds,"A tropical bedroom with warm ambient lighting, featuring marble side tables, and bold pops of color. The color scheme is bold pops of color. The atmosphere is ultra-modern, with automated blinds. The design is optimized for comfort and practicality."
eclectic,exposed wooden beams,marble side tables,nature-inspired art,warm and inviting,LED-lit headboards,"A eclectic bedroom with exposed wooden beams, featuring marble side tables, and nature-inspired art. The color scheme is nature-inspired art. The atmosphere is warm and inviting, with LED-lit headboards. The design is optimized for comfort and practicality."
modern minimalist,floating bed with LED lighting,floor-to-ceiling bookshelves,soft pastel shades,vibrant and artistic,interactive smart screens,"A modern minimalist bedroom with floating bed with LED lighting, featuring floor-to-ceiling bookshelves, and soft pastel shades. The color scheme is soft pastel shades. The atmosphere is vibrant and artistic, with interactive smart screens. The design is optimized for comfort and practicality."
cozy rustic,floating bed with LED lighting,wooden nightstand with a lamp,metallic accents,ultra-modern,panoramic views,"A cozy rustic bedroom with floating bed with LED lighting, featuring wooden nightstand with a lamp, and metallic accents. The color scheme is metallic accents. The atmosphere is ultra-modern, with panoramic views. The design is optimized for comfort and practicality."
scandinavian,floating bed with LED lighting,king-sized upholstered bed,soft pastel shades,airy and spacious,canopy beds,"A scandinavian bedroom with floating bed with LED lighting, featuring king-sized upholstered bed, and soft pastel shades. The color scheme is soft pastel shades. The atmosphere is airy and spacious, with canopy beds. The design is optimized for comfort and practicality."
futuristic,smart home integrations,king-sized upholstered bed,geometric patterns,industrial yet comfortable,LED-lit headboards,"A futuristic bedroom with smart home integrations, featuring king-sized upholstered bed, and geometric patterns. The color scheme is geometric patterns. The atmosphere is industrial yet comfortable, with LED-lit headboards. The design is optimized for comfort and practicality."
boho chic,smart home integrations,a fluffy area rug,geometric patterns,calm and relaxing,fireplaces,"A boho chic bedroom with smart home integrations, featuring a fluffy area rug, and geometric patterns. The color scheme is geometric patterns. The atmosphere is calm and relaxing, with fireplaces. The design is optimized for comfort and practicality."
tropical,plush carpets,a fluffy area rug,fresh flower arrangements,calm and relaxing,floating furniture,"A tropical bedroom with plush carpets, featuring a fluffy area rug, and fresh flower arrangements. The color scheme is fresh flower arrangements. The atmosphere is calm and relaxing, with floating furniture. The design is optimized for comfort and practicality."
scandinavian,large windows,wooden nightstand with a lamp,custom murals,ultra-modern,interactive smart screens,"A scandinavian bedroom with large windows, featuring wooden nightstand with a lamp, and custom murals. The color scheme is custom murals. The atmosphere is ultra-modern, with interactive smart screens. The design is optimized for comfort and practicality."
boho chic,warm ambient lighting,potted plants,woven baskets,cozy and welcoming,hidden storage solutions,"A boho chic bedroom with warm ambient lighting, featuring potted plants, and woven baskets. The color scheme is woven baskets. The atmosphere is cozy and welcoming, with hidden storage solutions. The design is optimized for comfort and practicality."
boho chic,clean white walls,marble side tables,woven baskets,calm and relaxing,panoramic views,"A boho chic bedroom with clean white walls, featuring marble side tables, and woven baskets. The color scheme is woven baskets. The atmosphere is calm and relaxing, with panoramic views. The design is optimized for comfort and practicality."
modern minimalist,exposed wooden beams,platform bed with soft bedding,geometric patterns,tropical and refreshing,panoramic views,"A modern minimalist bedroom with exposed wooden beams, featuring platform bed with soft bedding, and geometric patterns. The color scheme is geometric patterns. The atmosphere is tropical and refreshing, with panoramic views. The design is optimized for comfort and practicality."
eclectic,smart home integrations,marble side tables,geometric patterns,vibrant and artistic,fireplaces,"A eclectic bedroom with smart home integrations, featuring marble side tables, and geometric patterns. The color scheme is geometric patterns. The atmosphere is vibrant and artistic, with fireplaces. The design is optimized for comfort and practicality."
eclectic,floating bed with LED lighting,platform bed with soft bedding,fresh flower arrangements,calm and relaxing,integrated workspace,"A eclectic bedroom with floating bed with LED lighting, featuring platform bed with soft bedding, and fresh flower arrangements. The color scheme is fresh flower arrangements. The atmosphere is calm and relaxing, with integrated workspace. The design is optimized for comfort and practicality."